vinicius-Svinicius1
felipe_veight-Sfelipe_veight11
felipe_vnine-Sfelipe_vnine8
thiago-Sthiago10
luiz_souza1-Sluiz_souza12
felipe_vtwo-Sfelipe_vtwo9
felipe_veight-Sfelipe_veight18
paula-Spaula6
felipe_vone-Sfelipe_vone10
dieniffer1-Sdieniffer18
luiz_souza1-Sluiz_souza18
guilhermesilveira-Sguilhermesilveira8
felipe_Tuesday-Sfelipe_Tuesday3
vinicius-Svinicius4
felipe_vnine-Sfelipe_vnine10
luiz_souza-Sluiz_souza4
luiz_souza-Sluiz_souza5
guilhermesilveira-Sguilhermesilveira4
felipe_v2-Sfelipe_v211
felipe_vone-Sfelipe_vone1
